{
  "weights": {
    "08191504_lgbm_1-1_0.793821_PREDICTION": 0.046357615894039736,
    "08201642_lgbm_1-1_0.793527_PREDICTION": 0.00030102347983142685,
    "08230034_lgbm_3-3_seed0_0.796089_PREDICTION": 0.09572546658639373,
    "08260222_logreg_1_0.780211_PREDICTION": 0.0,
    "08270113_lgbm_9_0.798050_PREDICTION": 0.19295605057194462,
    "08270610_opt_lgbm_9_0.798747_PREDICTION": 0.1613485851896448,
    "08270955_xgb_1_0.792733_PREDICTION": 0.27393136664659845,
    "08271254_opt_lgbm_9_0.799003_PREDICTION": 0.22937989163154726,
    "power": 4.0
  },
  "score": 0.800680807622183,
  "eval_num": 1000
}