{
  "trials": {
    "Fold1": {
      "val_score": 0.8043427591427872,
      "elapsed_time": 2.045210838317871
    },
    "Fold2": {
      "val_score": 0.7995049735362993,
      "elapsed_time": 1.9231908321380615
    },
    "Fold3": {
      "val_score": 0.7976100314561981,
      "elapsed_time": 1.9955217838287354
    },
    "Fold4": {
      "val_score": 0.8022605663455142,
      "elapsed_time": 2.012873888015747
    },
    "Fold5": {
      "val_score": 0.8027331137906267,
      "elapsed_time": 2.02612566947937
    },
    "Full": {
      "score": 0.8012924590555032,
      "val_score_mean": 0.801290288854285,
      "val_score_std": 0.002411323386437895
    }
  },
  "config": {
    "features": [],
    "stacking_features": [
      "08270113_lgbm_9_0.798050",
      "08230034_lgbm_3-3_seed0_0.796089",
      "08191504_lgbm_1-1_0.793821",
      "hyperopt_output/08271400_opt_lgbm_9_0.799083",
      "hyperopt_output/08271031_opt_lgbm_9_0.798385",
      "hyperopt_output/08270610_opt_lgbm_9_0.798747",
      "hyperopt_output/08270135_opt_lgbm_9_0.797120",
      "hyperopt_output/08261911_opt_lgbm_9_0.796959",
      "hyperopt_output/08271925_opt_lgbm_9_0.796756",
      "hyperopt_output/08261943_opt_lgbm_9_0.794607",
      "hyperopt_output/08270803_opt_lgbm_9_0.795817",
      "hyperopt_output/08271043_opt_lgbm_9_0.797312",
      "hyperopt_output/08270928_opt_lgbm_9_0.796694",
      "hyperopt_output/08270908_opt_lgbm_9_0.795943",
      "hyperopt_output/08271230_opt_lgbm_9_0.798052",
      "hyperopt_output/08271407_opt_lgbm_9_0.796722",
      "hyperopt_output/08280138_opt_lgbm_9_0.795249",
      "hyperopt_output/08270733_opt_lgbm_9_0.798056",
      "hyperopt_output/08270508_opt_lgbm_9_0.797960",
      "feature_sampling_output/08272254_colsample_lgbm_0_0.798995",
      "feature_sampling_output/08280003_colsample_lgbm_0_0.798758",
      "feature_sampling_output/08280328_colsample_lgbm_1_0.795229",
      "feature_sampling_output/08280708_colsample_lgbm_1_0.798318",
      "feature_sampling_output/08272328_colsample_lgbm_0_0.798783",
      "hyperopt_output/08271146_opt_lgbm_9_0.797093",
      "hyperopt_output/08270649_opt_lgbm_9_0.796721",
      "feature_sampling_output/08280424_colsample_lgbm_1_0.794057",
      "feature_sampling_output/08280545_colsample_lgbm_1_0.796641",
      "feature_sampling_output/08280302_colsample_lgbm_1_0.797569",
      "feature_sampling_output/08280343_colsample_lgbm_1_0.796295",
      "hyperopt_output/08271833_opt_lgbm_9_0.797556",
      "hyperopt_output/08270842_opt_lgbm_9_0.797113",
      "hyperopt_output/08271310_opt_lgbm_9_0.796293",
      "feature_sampling_output/08280625_colsample_lgbm_1_0.796747",
      "feature_sampling_output/08280055_colsample_lgbm_0_0.798738",
      "08270610_opt_lgbm_9_0.798747",
      "08231147_lgbm_3-3_seed2_0.795897",
      "feature_sampling_output/08280638_colsample_lgbm_1_0.797378",
      "hyperopt_output/08271704_opt_lgbm_9_0.798302",
      "feature_sampling_output/08280410_colsample_lgbm_1_0.796654",
      "feature_sampling_output/08280504_colsample_lgbm_1_0.795604",
      "hyperopt_output/08271239_opt_lgbm_9_0.797322",
      "feature_sampling_output/08271958_colsample_lgbm_0_0.798282"
    ],
    "normalize_feature": false,
    "model": {
      "name": "LogisticRegression",
      "kfold_params": {
        "n_splits": 5,
        "shuffle": true,
        "random_state": 47
      },
      "clf_params": {},
      "train_params": {}
    },
    "dataset": {
      "input_directory": "/Users/rintaro/.ghq/github.com/r-terada/home_credit_default_risk/src/../data/input",
      "cache_directory": "/Users/rintaro/.ghq/github.com/r-terada/home_credit_default_risk/src/../data/working",
      "output_directory": "/Users/rintaro/.ghq/github.com/r-terada/home_credit_default_risk/src/../data/output"
    },
    "options": {},
    "config_file_name": "stacking_18"
  },
  "features_detail": {
    "number": 43,
    "names": [
      "08270113_lgbm_9_0.798050_PREDICTION",
      "08230034_lgbm_3-3_seed0_0.796089_PREDICTION",
      "08191504_lgbm_1-1_0.793821_PREDICTION",
      "hyperopt_output/08271400_opt_lgbm_9_0.799083_PREDICTION",
      "hyperopt_output/08271031_opt_lgbm_9_0.798385_PREDICTION",
      "hyperopt_output/08270610_opt_lgbm_9_0.798747_PREDICTION",
      "hyperopt_output/08270135_opt_lgbm_9_0.797120_PREDICTION",
      "hyperopt_output/08261911_opt_lgbm_9_0.796959_PREDICTION",
      "hyperopt_output/08271925_opt_lgbm_9_0.796756_PREDICTION",
      "hyperopt_output/08261943_opt_lgbm_9_0.794607_PREDICTION",
      "hyperopt_output/08270803_opt_lgbm_9_0.795817_PREDICTION",
      "hyperopt_output/08271043_opt_lgbm_9_0.797312_PREDICTION",
      "hyperopt_output/08270928_opt_lgbm_9_0.796694_PREDICTION",
      "hyperopt_output/08270908_opt_lgbm_9_0.795943_PREDICTION",
      "hyperopt_output/08271230_opt_lgbm_9_0.798052_PREDICTION",
      "hyperopt_output/08271407_opt_lgbm_9_0.796722_PREDICTION",
      "hyperopt_output/08280138_opt_lgbm_9_0.795249_PREDICTION",
      "hyperopt_output/08270733_opt_lgbm_9_0.798056_PREDICTION",
      "hyperopt_output/08270508_opt_lgbm_9_0.797960_PREDICTION",
      "feature_sampling_output/08272254_colsample_lgbm_0_0.798995_PREDICTION",
      "feature_sampling_output/08280003_colsample_lgbm_0_0.798758_PREDICTION",
      "feature_sampling_output/08280328_colsample_lgbm_1_0.795229_PREDICTION",
      "feature_sampling_output/08280708_colsample_lgbm_1_0.798318_PREDICTION",
      "feature_sampling_output/08272328_colsample_lgbm_0_0.798783_PREDICTION",
      "hyperopt_output/08271146_opt_lgbm_9_0.797093_PREDICTION",
      "hyperopt_output/08270649_opt_lgbm_9_0.796721_PREDICTION",
      "feature_sampling_output/08280424_colsample_lgbm_1_0.794057_PREDICTION",
      "feature_sampling_output/08280545_colsample_lgbm_1_0.796641_PREDICTION",
      "feature_sampling_output/08280302_colsample_lgbm_1_0.797569_PREDICTION",
      "feature_sampling_output/08280343_colsample_lgbm_1_0.796295_PREDICTION",
      "hyperopt_output/08271833_opt_lgbm_9_0.797556_PREDICTION",
      "hyperopt_output/08270842_opt_lgbm_9_0.797113_PREDICTION",
      "hyperopt_output/08271310_opt_lgbm_9_0.796293_PREDICTION",
      "feature_sampling_output/08280625_colsample_lgbm_1_0.796747_PREDICTION",
      "feature_sampling_output/08280055_colsample_lgbm_0_0.798738_PREDICTION",
      "08270610_opt_lgbm_9_0.798747_PREDICTION",
      "08231147_lgbm_3-3_seed2_0.795897_PREDICTION",
      "feature_sampling_output/08280638_colsample_lgbm_1_0.797378_PREDICTION",
      "hyperopt_output/08271704_opt_lgbm_9_0.798302_PREDICTION",
      "feature_sampling_output/08280410_colsample_lgbm_1_0.796654_PREDICTION",
      "feature_sampling_output/08280504_colsample_lgbm_1_0.795604_PREDICTION",
      "hyperopt_output/08271239_opt_lgbm_9_0.797322_PREDICTION",
      "feature_sampling_output/08271958_colsample_lgbm_0_0.798282_PREDICTION"
    ]
  }
}