{
  "weights": {
    "08191504_lgbm_1-1_0.793821_PREDICTION": 0.1083953241232731,
    "08201642_lgbm_1-1_0.793527_PREDICTION": 0.0,
    "08230034_lgbm_3-3_seed0_0.796089_PREDICTION": 0.13142047467233436,
    "08270113_lgbm_9_0.798050_PREDICTION": 0.18951470067304285,
    "08270610_opt_lgbm_9_0.798747_PREDICTION": 0.2422954303931987,
    "08271254_opt_lgbm_9_0.799003_PREDICTION": 0.3283740701381509
  },
  "score": 0.8003824822475696,
  "eval_num": 500
}