{
  "trials": {
    "Fold1": {
      "val_score": 0.802188623274236,
      "elapsed_time": 0.7027239799499512
    },
    "Fold2": {
      "val_score": 0.7990749545418848,
      "elapsed_time": 0.7240958213806152
    },
    "Fold3": {
      "val_score": 0.7968023898866077,
      "elapsed_time": 0.7058200836181641
    },
    "Fold4": {
      "val_score": 0.800653063582973,
      "elapsed_time": 0.6953673362731934
    },
    "Fold5": {
      "val_score": 0.8011265052014079,
      "elapsed_time": 0.7178330421447754
    },
    "Full": {
      "score": 0.7999638892052923,
      "val_score_mean": 0.7999691072974219,
      "val_score_std": 0.0018740984814154058
    }
  },
  "config": {
    "features": [],
    "stacking_features": [
      "08210425_lgbm_3-1_0.794708",
      "08211432_lgbm_3-1-0_0.795889",
      "08230034_lgbm_3-3_seed0_0.796089",
      "08230658_lgbm_3-3_seed1_0.795731",
      "08231147_lgbm_3-3_seed2_0.795897",
      "08220729_lgbm_3-1-0-1_0.796496",
      "08191504_lgbm_1-1_0.793821",
      "08251427_lgbm_7_1_0.795685",
      "08252336_lgbm_9-2_application_0.796154",
      "08261318_lgbm_9_0.798488",
      "08270113_lgbm_9_0.798050",
      "08271213_lgbm_10_0.798517",
      "08270610_opt_lgbm_9_0.798747"
    ],
    "normalize_feature": false,
    "model": {
      "name": "LogisticRegression",
      "kfold_params": {
        "n_splits": 5,
        "shuffle": true,
        "random_state": 47
      },
      "clf_params": {},
      "train_params": {}
    },
    "dataset": {
      "input_directory": "/Users/rintaro/.ghq/github.com/r-terada/home_credit_default_risk/src/../data/input",
      "cache_directory": "/Users/rintaro/.ghq/github.com/r-terada/home_credit_default_risk/src/../data/working",
      "output_directory": "/Users/rintaro/.ghq/github.com/r-terada/home_credit_default_risk/src/../data/output"
    },
    "options": {},
    "config_file_name": "stacking_13"
  },
  "features_detail": {
    "number": 13,
    "names": [
      "08210425_lgbm_3-1_0.794708_PREDICTION",
      "08211432_lgbm_3-1-0_0.795889_PREDICTION",
      "08230034_lgbm_3-3_seed0_0.796089_PREDICTION",
      "08230658_lgbm_3-3_seed1_0.795731_PREDICTION",
      "08231147_lgbm_3-3_seed2_0.795897_PREDICTION",
      "08220729_lgbm_3-1-0-1_0.796496_PREDICTION",
      "08191504_lgbm_1-1_0.793821_PREDICTION",
      "08251427_lgbm_7_1_0.795685_PREDICTION",
      "08252336_lgbm_9-2_application_0.796154_PREDICTION",
      "08261318_lgbm_9_0.798488_PREDICTION",
      "08270113_lgbm_9_0.798050_PREDICTION",
      "08271213_lgbm_10_0.798517_PREDICTION",
      "08270610_opt_lgbm_9_0.798747_PREDICTION"
    ]
  }
}