{
  "weights": {
    "08191504_lgbm_1-1_0.793821_PREDICTION": 0.07504078303425776,
    "08201642_lgbm_1-1_0.793527_PREDICTION": 0.00027188689505165854,
    "08230034_lgbm_3-3_seed0_0.796089_PREDICTION": 0.12452419793365961,
    "08260222_logreg_1_0.780211_PREDICTION": 0.023110386079390977,
    "08270113_lgbm_9_0.798050_PREDICTION": 0.18569874932028277,
    "08270610_opt_lgbm_9_0.798747_PREDICTION": 0.21098423056008703,
    "08270955_xgb_1_0.792733_PREDICTION": 0.1389342033713975,
    "08271254_opt_lgbm_9_0.799003_PREDICTION": 0.24143556280587278
  },
  "score": 0.8005022601522318,
  "eval_num": 500
}