{
  "weights": {
    "08191504_lgbm_1-1_0.793821_PREDICTION": 0.053491598581778946,
    "08210425_lgbm_3-1_0.794708_PREDICTION": 0.008170186526899954,
    "08211432_lgbm_3-1-0_0.795889_PREDICTION": 0.016494527516571603,
    "08220729_lgbm_3-1-0-1_0.796496_PREDICTION": 0.006012024048096192,
    "08230034_lgbm_3-3_seed0_0.796089_PREDICTION": 0.05210420841683367,
    "08230658_lgbm_3-3_seed1_0.795731_PREDICTION": 0.058270386927701555,
    "08231147_lgbm_3-3_seed2_0.795897_PREDICTION": 0.02851857561276399,
    "08251427_lgbm_7_1_0.795685_PREDICTION": 0.009249267766301835,
    "08252336_lgbm_9-2_application_0.796154_PREDICTION": 0.055187297672267606,
    "08260222_logreg_1_0.780211_PREDICTION": 0.019423462309233853,
    "08261318_lgbm_9_0.798488_PREDICTION": 0.1284106674888238,
    "08270113_lgbm_9_0.798050_PREDICTION": 0.12964390319099736,
    "08270610_opt_lgbm_9_0.798747_PREDICTION": 0.15400030830892555,
    "08270955_xgb_1_0.792733_PREDICTION": 0.1455218128564822,
    "08271213_lgbm_10_0.798517_PREDICTION": 0.13550177277632186
  },
  "score": 0.8003131768641002,
  "eval_num": 500
}