{
  "weights": {
    "08191504_lgbm_1-1_0.793821_PREDICTION": 0.0853517877739331,
    "08201642_lgbm_1-1_0.793527_PREDICTION": 0.0002883506343713956,
    "08230034_lgbm_3-3_seed0_0.796089_PREDICTION": 0.05738177623990773,
    "08270113_lgbm_9_0.798050_PREDICTION": 0.13667820069204153,
    "08270610_opt_lgbm_9_0.798747_PREDICTION": 0.1854094579008074,
    "08270955_xgb_1_0.792733_PREDICTION": 0.25259515570934254,
    "08271254_opt_lgbm_9_0.799003_PREDICTION": 0.2822952710495963,
    "08271902_rf_1_0.752954_PREDICTION": 0.0,
    "power": 4.0
  },
  "score": 0.8006517390409063,
  "eval_num": 1000
}