{
  "weights": {
    "08191504_lgbm_1-1_0.793821_PREDICTION": 0.08709677419354839,
    "08201642_lgbm_1-1_0.793527_PREDICTION": 0.00026881720430107527,
    "08230034_lgbm_3-3_seed0_0.796089_PREDICTION": 0.12983870967741934,
    "08270113_lgbm_9_0.798050_PREDICTION": 0.14274193548387096,
    "08270610_opt_lgbm_9_0.798747_PREDICTION": 0.2422043010752688,
    "08270955_xgb_1_0.792733_PREDICTION": 0.17150537634408602,
    "08271254_opt_lgbm_9_0.799003_PREDICTION": 0.22634408602150535
  },
  "score": 0.8004903774501715,
  "eval_num": 500
}