{
  "weights": {
    "08270955_xgb_1_0.792733_PREDICTION": 0.05040091638029781,
    "08280344_xgb_2_0.797642_PREDICTION": 0.0034364261168384875,
    "08281637_stacking_16_0.800883_PREDICTION": 0.9461626575028637,
    "power": 6.0
  },
  "score": 0.8010214924378247,
  "eval_num": 500
}