{
  "trials": {
    "Fold1": {
      "val_score": 0.7994942274651914,
      "elapsed_time": 0.626971960067749
    },
    "Fold2": {
      "val_score": 0.7963467106115448,
      "elapsed_time": 0.6221318244934082
    },
    "Fold3": {
      "val_score": 0.7945245777520308,
      "elapsed_time": 0.6607091426849365
    },
    "Fold4": {
      "val_score": 0.7981501299552677,
      "elapsed_time": 0.7081031799316406
    },
    "Fold5": {
      "val_score": 0.798891549262333,
      "elapsed_time": 0.7220380306243896
    },
    "Full": {
      "score": 0.7974881759889891,
      "val_score_mean": 0.7974814390092735,
      "val_score_std": 0.0018175540105597532
    }
  },
  "config": {
    "features": [],
    "stacking_features": [
      "08210425_lgbm_3-1_0.794708",
      "08211432_lgbm_3-1-0_0.795889",
      "08230034_lgbm_3-3_seed0_0.796089",
      "08230658_lgbm_3-3_seed1_0.795731",
      "08231147_lgbm_3-3_seed2_0.795897",
      "08220729_lgbm_3-1-0-1_0.796496",
      "08191504_lgbm_1-1_0.793821",
      "08251427_lgbm_7_1_0.795685",
      "08252336_lgbm_9-2_application_0.796154",
      "08260222_logreg_1_0.780211"
    ],
    "normalize_feature": false,
    "model": {
      "name": "LogisticRegression",
      "kfold_params": {
        "n_splits": 5,
        "shuffle": true,
        "random_state": 47
      },
      "clf_params": {},
      "train_params": {}
    },
    "dataset": {
      "input_directory": "/Users/rintaro/.ghq/github.com/r-terada/home_credit_default_risk/src/../data/input",
      "cache_directory": "/Users/rintaro/.ghq/github.com/r-terada/home_credit_default_risk/src/../data/working",
      "output_directory": "/Users/rintaro/.ghq/github.com/r-terada/home_credit_default_risk/src/../data/output"
    },
    "options": {},
    "config_file_name": "stacking_8"
  },
  "features_detail": {
    "number": 10,
    "names": [
      "08210425_lgbm_3-1_0.794708_PREDICTION",
      "08211432_lgbm_3-1-0_0.795889_PREDICTION",
      "08230034_lgbm_3-3_seed0_0.796089_PREDICTION",
      "08230658_lgbm_3-3_seed1_0.795731_PREDICTION",
      "08231147_lgbm_3-3_seed2_0.795897_PREDICTION",
      "08220729_lgbm_3-1-0-1_0.796496_PREDICTION",
      "08191504_lgbm_1-1_0.793821_PREDICTION",
      "08251427_lgbm_7_1_0.795685_PREDICTION",
      "08252336_lgbm_9-2_application_0.796154_PREDICTION",
      "08260222_logreg_1_0.780211_PREDICTION"
    ]
  }
}