{
  "weights": {
    "08270955_xgb_1_0.792733_PREDICTION": 0.03474903474903475,
    "08280344_xgb_2_0.797642_PREDICTION": 0.0009652509652509653,
    "08290608_stacking_brute_force_1_0.801523_PREDICTION": 0.9642857142857143,
    "power": 8.0
  },
  "score": 0.8016672141054253,
  "eval_num": 500
}