{
  "weights": {
    "08191504_lgbm_1-1_0.793821_PREDICTION": 0.030686612965093982,
    "08201642_lgbm_1-1_0.793527_PREDICTION": 0.0,
    "08230034_lgbm_3-3_seed0_0.796089_PREDICTION": 0.05715381664748754,
    "08270113_lgbm_9_0.798050_PREDICTION": 0.15036440352896052,
    "08270610_opt_lgbm_9_0.798747_PREDICTION": 0.19255849635596473,
    "08270955_xgb_1_0.792733_PREDICTION": 0.37591100882240125,
    "08271254_opt_lgbm_9_0.799003_PREDICTION": 0.11967779056386653,
    "08280344_xgb_2_0.797642_PREDICTION": 0.07364787111622556,
    "power": 5.0
  },
  "score": 0.8007176354629851,
  "eval_num": 1000
}