{
  "trials": {
    "Fold1": {
      "val_score": 0.7997103214667233,
      "elapsed_time": 3.4214682579040527
    },
    "Fold2": {
      "val_score": 0.7931422036075049,
      "elapsed_time": 3.3222100734710693
    },
    "Fold3": {
      "val_score": 0.7928876812680361,
      "elapsed_time": 3.455717086791992
    },
    "Fold4": {
      "val_score": 0.7977833728328164,
      "elapsed_time": 3.4904518127441406
    },
    "Fold5": {
      "val_score": 0.7971283356561357,
      "elapsed_time": 3.352020025253296
    },
    "Full": {
      "score": 0.7961417043534452,
      "val_score_mean": 0.7961303829662433,
      "val_score_std": 0.0026828557516579967
    }
  },
  "config": {
    "features": [],
    "stacking_features": [
      "08270113_lgbm_9_0.798050",
      "08230034_lgbm_3-3_seed0_0.796089",
      "08191504_lgbm_1-1_0.793821",
      "hyperopt_output/08271400_opt_lgbm_9_0.799083",
      "hyperopt_output/08271031_opt_lgbm_9_0.798385",
      "hyperopt_output/08270610_opt_lgbm_9_0.798747",
      "hyperopt_output/08270135_opt_lgbm_9_0.797120",
      "hyperopt_output/08261911_opt_lgbm_9_0.796959",
      "hyperopt_output/08271925_opt_lgbm_9_0.796756",
      "hyperopt_output/08261943_opt_lgbm_9_0.794607",
      "hyperopt_output/08270803_opt_lgbm_9_0.795817",
      "hyperopt_output/08271043_opt_lgbm_9_0.797312",
      "hyperopt_output/08270928_opt_lgbm_9_0.796694",
      "hyperopt_output/08270908_opt_lgbm_9_0.795943",
      "hyperopt_output/08271230_opt_lgbm_9_0.798052",
      "hyperopt_output/08271407_opt_lgbm_9_0.796722",
      "hyperopt_output/08280138_opt_lgbm_9_0.795249",
      "hyperopt_output/08270733_opt_lgbm_9_0.798056",
      "hyperopt_output/08270508_opt_lgbm_9_0.797960",
      "feature_sampling_output/08272254_colsample_lgbm_0_0.798995",
      "feature_sampling_output/08280003_colsample_lgbm_0_0.798758",
      "feature_sampling_output/08280328_colsample_lgbm_1_0.795229",
      "feature_sampling_output/08280708_colsample_lgbm_1_0.798318",
      "feature_sampling_output/08272328_colsample_lgbm_0_0.798783",
      "hyperopt_output/08271146_opt_lgbm_9_0.797093",
      "hyperopt_output/08270649_opt_lgbm_9_0.796721",
      "feature_sampling_output/08280424_colsample_lgbm_1_0.794057",
      "feature_sampling_output/08280545_colsample_lgbm_1_0.796641",
      "feature_sampling_output/08280302_colsample_lgbm_1_0.797569",
      "feature_sampling_output/08280343_colsample_lgbm_1_0.796295",
      "hyperopt_output/08271833_opt_lgbm_9_0.797556",
      "hyperopt_output/08270842_opt_lgbm_9_0.797113",
      "hyperopt_output/08271310_opt_lgbm_9_0.796293",
      "feature_sampling_output/08280625_colsample_lgbm_1_0.796747",
      "feature_sampling_output/08280055_colsample_lgbm_0_0.798738",
      "08270610_opt_lgbm_9_0.798747",
      "08231147_lgbm_3-3_seed2_0.795897",
      "feature_sampling_output/08280638_colsample_lgbm_1_0.797378",
      "hyperopt_output/08271704_opt_lgbm_9_0.798302",
      "feature_sampling_output/08280410_colsample_lgbm_1_0.796654",
      "feature_sampling_output/08280504_colsample_lgbm_1_0.795604",
      "hyperopt_output/08271239_opt_lgbm_9_0.797322",
      "feature_sampling_output/08271958_colsample_lgbm_0_0.798282",
      "hyperopt_output_2/08290136_opt_lgbm_9_0.798227",
      "hyperopt_output_2/08282156_opt_lgbm_9_0.798768",
      "hyperopt_output/08261917_opt_lgbm_9_0.795338",
      "hyperopt_output_2/08282057_opt_lgbm_9_0.798063",
      "hyperopt_output/08272229_opt_lgbm_9_0.797568",
      "hyperopt_output/08271626_opt_lgbm_9_0.798215",
      "hyperopt_output/08272339_opt_lgbm_9_0.797125",
      "feature_sampling_output/08280356_colsample_lgbm_1_0.796440",
      "feature_sampling_output/08280736_colsample_lgbm_1_0.798326",
      "feature_sampling_output/08272202_colsample_lgbm_0_0.798063",
      "08291642_opt_lgbm_9_0.792782"
    ],
    "normalize_feature": true,
    "model": {
      "name": "LogisticRegression",
      "kfold_params": {
        "n_splits": 5,
        "shuffle": true,
        "random_state": 47
      },
      "clf_params": {},
      "train_params": {}
    },
    "dataset": {
      "input_directory": "/Users/rintaro/.ghq/github.com/r-terada/home_credit_default_risk/src/../data/input",
      "cache_directory": "/Users/rintaro/.ghq/github.com/r-terada/home_credit_default_risk/src/../data/working",
      "output_directory": "/Users/rintaro/.ghq/github.com/r-terada/home_credit_default_risk/src/../data/output"
    },
    "options": {},
    "config_file_name": "stacking_21"
  },
  "features_detail": {
    "number": 54,