{
  "weights": {
    "08270955_xgb_1_0.792733_PREDICTION": 0.04081632653061224,
    "08271902_rf_1_0.752954_PREDICTION": 0.0,
    "08291909_stacking_20_0.801631_PREDICTION": 0.9591836734693877
  },
  "score": 0.8016454943203843,
  "eval_num": 500
}